年,月,日,時,分,秒,緯度(度),緯度(分),経度(度),経度(分),深さ(km),Ｍ,震央地名
2022,6,5,00,06,42.5,32,22.7,130,40.3,10,0.8,熊本県熊本地方
2022,6,5,00,07,14.6,36,57.8,139,25.3,5,0.0,福島県会津
2022,6,5,00,10,19.3,28,11.5,129,31.4,31,1.3,奄美大島近海
2022,6,5,00,10,25.8,26,34.0,127,9.5,63,1.4,沖縄本島近海
2022,6,5,00,15,12.3,39,14.3,142,42.5,21,1.4,岩手県沖
2022,6,5,00,15,16.2,41,29.2,141,0.4,8,-0.5,青森県下北地方
2022,6,5,00,16,58.3,39,53.5,140,45.1,3,0.4,秋田県内陸南部
2022,6,5,00,17,46.9,33,59.8,135,5.4,9,0.8,紀伊水道
2022,6,5,00,19,25.5,28,31.8,129,40.1,15,1.3,奄美大島近海
2022,6,5,00,19,38.4,20,10.9,121,17.8,11,4.4,フィリピン付近
2022,6,5,00,20,43.8,37,26.7,144,48.0,40,2.0,福島県沖
2022,6,5,00,23,45.1,35,54.7,140,13.2,42,0.6,茨城県南部
2022,6,5,00,24,39.4,39,6.6,140,49.9,11,0.5,岩手県内陸南部
2022,6,5,00,30,25.0,37,4.3,142,19.4,16,1.1,福島県沖
2022,6,5,00,31,58.5,35,2.3,135,33.9,12,0.6,京都府南部
2022,6,5,00,34,1.5,36,48.0,141,22.8,7,0.9,茨城県沖
2022,6,5,00,37,15.7,36,46.1,140,32.8,11,0.2,茨城県北部
2022,6,5,00,39,7.0,37,49.8,141,35.2,47,0.8,福島県沖
2022,6,5,00,39,50.1,36,13.9,137,54.1,13,-0.2,長野県中部
2022,6,5,00,39,58.0,37,20.8,141,33.6,41,1.2,福島県沖
2022,6,5,00,40,0.0,24,1.4,122,34.5,31,2.1,与那国島近海
2022,6,5,00,41,44.1,35,3.7,135,10.2,13,1.1,兵庫県南東部
2022,6,5,00,43,1.0,39,1.8,140,50.9,9,0.1,岩手県内陸南部
2022,6,5,00,45,39.1,32,17.2,129,46.6,15,0.4,天草灘
2022,6,5,00,49,15.5,37,44.0,139,59.2,9,-0.1,福島県会津
2022,6,5,00,51,5.4,37,52.2,141,41.8,57,1.5,宮城県沖
2022,6,5,00,51,7.4,28,36.8,129,39.0,11,1.4,奄美大島近海
2022,6,5,00,51,18.2,34,5.3,133,32.9,17,0.7,瀬戸内海中部
2022,6,5,00,54,17.7,38,28.4,141,56.5,41,0.5,宮城県沖
2022,6,5,00,54,42.6,37,45.5,141,36.3,56,1.0,福島県沖
2022,6,5,00,55,13.4,37,50.2,141,35.8,50,1.0,福島県沖
2022,6,5,00,56,47.9,37,30.2,137,11.8,11,0.9,能登半島沖
2022,6,5,00,57,36.1,41,17.9,142,25.1,40,1.4,青森県東方沖
2022,6,5,01,00,3.3,37,50.6,141,36.9,48,1.4,福島県沖
2022,6,5,01,00,8.2,35,53.6,137,35.4,5,-0.2,長野県南部
2022,6,5,01,00,46.1,37,46.4,141,36.2,55,1.1,福島県沖
2022,6,5,01,02,34.8,34,11.6,135,9.4,6,-0.2,紀伊水道
2022,6,5,01,03,47.9,34,11.8,135,9.6,6,0.0,紀伊水道
2022,6,5,01,05,11.2,37,29.4,137,18.6,12,0.9,石川県能登地方
2022,6,5,01,09,36.9,37,50.7,141,36.2,49,1.0,福島県沖
2022,6,5,01,09,53.0,35,26.5,139,23.0,20,0.8,神奈川県東部
2022,6,5,01,12,1.5,36,47.5,141,21.4,8,1.6,茨城県沖
2022,6,5,01,13,7.1,30,35.8,131,9.8,31,0.9,種子島近海
2022,6,5,01,18,32.2,37,45.4,141,36.4,58,2.6,福島県沖
2022,6,5,01,19,33.2,33,33.6,135,43.9,29,0.8,和歌山県南部
2022,6,5,01,20,22.1,37,55.7,141,42.0,54,0.9,宮城県沖
2022,6,5,01,21,41.2,32,43.4,130,36.9,13,-0.1,有明海
2022,6,5,01,22,44.9,32,25.2,131,56.7,33,1.3,日向灘
2022,6,5,01,23,46.7,36,48.3,141,21.5,8,1.2,茨城県沖
2022,6,5,01,24,6.2,35,24.2,133,50.0,10,-0.1,鳥取県中部
2022,6,5,01,27,33.8,37,48.5,141,36.0,49,1.2,福島県沖
2022,6,5,01,29,50.4,37,49.6,141,38.4,53,3.1,福島県沖
2022,6,5,01,31,3.2,32,26.5,131,28.5,16,0.6,宮崎県北部山沿い
2022,6,5,01,33,12.7,32,38.6,132,1.1,39,3.0,日向灘
2022,6,5,01,33,44.2,41,7.3,140,52.0,11,0.2,陸奥湾
2022,6,5,01,34,59.4,36,44.9,138,25.8,5,0.2,長野県北部
2022,6,5,01,35,20.3,31,48.8,131,52.2,41,0.3,日向灘
2022,6,5,01,36,10.8,37,31.2,137,15.1,13,0.6,石川県能登地方
2022,6,5,01,36,34.1,31,58.4,130,30.4,8,-0.2,鹿児島県薩摩地方
2022,6,5,01,37,50.7,32,39.6,131,59.6,41,0.1,日向灘
2022,6,5,01,39,40.4,37,56.9,141,48.2,53,0.9,宮城県沖
2022,6,5,01,40,19.0,37,51.5,141,35.9,48,1.1,福島県沖
2022,6,5,01,40,41.6,34,14.3,141,32.9,12,2.0,関東東方沖
2022,6,5,01,44,11.6,36,26.5,138,2.3,8,-0.5,長野県中部
2022,6,5,01,44,18.0,37,50.0,141,37.7,49,1.3,福島県沖
2022,6,5,01,46,59.2,28,28.7,129,44.0,17,0.9,奄美大島近海
2022,6,5,01,50,3.0,37,20.8,138,33.7,17,0.6,新潟県中越地方
2022,6,5,01,50,27.2,37,49.2,141,36.8,50,0.9,福島県沖
2022,6,5,01,51,46.3,31,0.3,131,36.2,18,1.3,大隅半島東方沖
2022,6,5,01,55,50.6,37,31.6,137,14.4,13,0.7,能登半島沖
2022,6,5,01,56,14.2,32,27.3,131,52.4,35,3.1,日向灘
2022,6,5,01,58,10.9,37,51.5,141,41.6,56,0.7,福島県沖
2022,6,5,02,00,27.0,36,31.8,140,54.2,29,0.4,茨城県沖
2022,6,5,02,01,25.1,41,0.7,143,8.8,19,0.9,青森県東方沖
2022,6,5,02,04,26.6,37,30.9,137,14.3,13,0.9,石川県能登地方
2022,6,5,02,04,47.8,39,30.1,142,4.8,22,0.7,岩手県沖
2022,6,5,02,08,27.1,37,26.7,141,51.4,41,1.9,福島県沖
2022,6,5,02,09,48.7,37,46.5,141,34.1,51,1.3,福島県沖
2022,6,5,02,13,18.1,37,52.2,141,47.3,52,1.4,宮城県沖
2022,6,5,02,16,14.6,35,28.7,134,57.1,15,0.2,兵庫県北部
2022,6,5,02,17,12.5,32,41.0,131,59.7,41,0.1,日向灘
2022,6,5,02,18,5.4,41,0.8,143,8.7,20,0.6,青森県東方沖
2022,6,5,02,19,38.7,36,19.7,141,5.6,38,0.8,茨城県沖
2022,6,5,02,21,33.3,35,0.8,137,49.0,17,-0.3,静岡県西部
2022,6,5,02,23,37.9,37,26.4,141,51.6,43,1.4,福島県沖
2022,6,5,02,25,59.9,37,57.5,141,42.0,53,0.8,宮城県沖
2022,6,5,02,26,58.0,40,14.6,145,29.9,29,2.2,三陸沖
2022,6,5,02,30,43.4,38,45.2,141,35.0,73,0.7,宮城県沖
2022,6,5,02,33,31.2,37,31.5,137,14.2,14,0.9,能登半島沖
2022,6,5,02,36,37.0,37,16.2,139,44.9,9,0.8,福島県会津
2022,6,5,02,39,19.0,28,29.8,129,43.7,18,0.8,奄美大島近海
2022,6,5,02,39,26.8,33,35.6,135,30.8,13,0.1,和歌山県南部
2022,6,5,02,43,53.8,37,30.2,137,13.5,10,0.6,石川県能登地方
2022,6,5,02,46,40.0,34,45.8,132,5.7,14,0.1,島根県西部
2022,6,5,02,49,5.3,39,24.1,143,23.3,4,1.5,三陸沖
2022,6,5,02,51,58.8,41,56.9,140,59.4,15,0.9,内浦湾
2022,6,5,02,54,9.9,40,37.0,140,29.3,12,0.5,青森県津軽南部
2022,6,5,03,00,17.6,37,51.1,141,37.2,49,1.0,福島県沖
2022,6,5,03,01,0.2,40,32.4,140,51.3,7,0.4,青森県津軽南部
2022,6,5,03,03,15.5,33,57.2,135,17.9,9,0.3,和歌山県北部
2022,6,5,03,03,49.9,34,15.4,135,36.9,65,0.5,和歌山県北部
2022,6,5,03,07,40.6,34,54.7,135,37.5,11,0.0,大阪府北部
2022,6,5,03,08,16.7,37,52.7,141,42.9,60,0.6,宮城県沖
2022,6,5,03,08,22.1,35,43.3,140,11.7,67,1.0,千葉県北西部
2022,6,5,03,09,32.1,36,18.6,141,44.4,25,2.2,茨城県沖
2022,6,5,03,10,14.1,37,48.0,141,40.1,57,1.4,福島県沖
2022,6,5,03,12,12.2,36,9.5,140,19.9,75,0.6,茨城県南部
2022,6,5,03,13,28.1,28,30.8,129,41.2,17,0.9,奄美大島近海
2022,6,5,03,14,6.4,35,22.9,138,57.0,18,-0.1,静岡県東部
2022,6,5,03,14,36.6,37,54.8,141,41.9,54,0.8,宮城県沖
2022,6,5,03,17,38.4,39,42.3,141,34.1,11,-0.4,岩手県沿岸北部
2022,6,5,03,20,26.9,43,37.0,147,42.1,58,-,北海道東方沖
2022,6,5,03,23,51.3,37,55.7,141,43.1,57,1.3,宮城県沖
2022,6,5,03,25,19.8,34,11.2,135,9.5,6,0.1,紀伊水道
2022,6,5,03,26,36.8,35,44.1,140,12.9,65,0.6,千葉県北西部
2022,6,5,03,28,19.2,34,55.1,135,37.2,12,0.3,大阪府北部
2022,6,5,03,28,35.9,34,57.3,136,40.6,13,0.5,伊勢湾
2022,6,5,03,31,56.5,34,44.4,137,43.1,17,1.9,静岡県西部
2022,6,5,03,35,49.7,39,0.2,140,36.1,6,0.0,秋田県内陸南部
2022,6,5,03,37,22.2,37,51.1,141,34.5,48,0.9,福島県沖
2022,6,5,03,41,10.3,32,48.3,130,37.1,12,-0.3,熊本県熊本地方
2022,6,5,03,45,41.1,38,25.3,141,55.2,39,0.5,宮城県沖
2022,6,5,03,48,42.4,32,58.6,140,40.5,62,4.7,八丈島東方沖
2022,6,5,03,56,15.4,37,48.0,141,39.8,55,1.2,福島県沖
2022,6,5,03,58,50.4,33,45.0,130,8.5,12,0.4,福岡県北西沖
2022,6,5,04,00,4.0,34,13.3,135,9.7,8,-0.2,和歌山県北部
2022,6,5,04,05,7.7,28,25.3,128,47.5,81,1.3,トカラ列島近海
2022,6,5,04,08,16.1,32,57.9,140,40.7,62,2.9,八丈島東方沖
2022,6,5,04,08,20.2,37,24.2,141,54.2,39,1.6,福島県沖
2022,6,5,04,08,28.1,37,50.7,141,36.3,48,2.6,福島県沖
2022,6,5,04,09,34.3,37,42.7,141,35.4,55,1.4,福島県沖
2022,6,5,04,16,55.0,33,28.7,135,34.6,28,-0.1,和歌山県南方沖
2022,6,5,04,17,42.1,36,26.8,141,0.2,39,1.0,茨城県沖
2022,6,5,04,22,29.1,37,53.4,141,41.9,54,1.5,宮城県沖
2022,6,5,04,22,44.7,39,8.8,141,5.2,88,1.5,岩手県内陸南部
2022,6,5,04,23,47.5,36,10.5,137,40.6,3,0.3,長野県中部
2022,6,5,04,24,7.0,35,54.5,137,43.5,5,0.1,長野県南部
2022,6,5,04,26,48.0,37,53.8,141,39.0,48,0.9,宮城県沖
2022,6,5,04,26,49.2,32,31.4,129,45.3,8,0.3,天草灘
2022,6,5,04,27,11.2,31,56.0,131,1.0,7,-0.5,宮崎県南部山沿い
2022,6,5,04,27,37.3,37,19.6,138,58.6,1,0.4,新潟県中越地方
2022,6,5,04,28,48.4,37,19.2,141,53.3,38,1.4,福島県沖
2022,6,5,04,33,22.4,32,30.9,129,44.9,5,1.0,天草灘
2022,6,5,04,33,45.0,39,0.1,140,36.5,3,0.6,秋田県内陸南部
2022,6,5,04,36,0.5,32,31.0,129,44.7,5,0.8,天草灘
2022,6,5,04,36,11.1,32,31.3,129,43.4,8,0.7,天草灘
2022,6,5,04,36,59.4,37,58.4,141,39.8,48,0.9,宮城県沖
2022,6,5,04,38,38.6,37,51.8,141,41.3,56,0.7,福島県沖
2022,6,5,04,40,14.1,37,23.2,142,0.3,30,0.9,福島県沖
2022,6,5,04,43,19.9,36,21.2,141,51.9,26,2.0,茨城県沖
2022,6,5,04,44,51.3,37,31.3,137,18.6,11,1.1,石川県能登地方
2022,6,5,04,46,4.7,33,40.7,135,20.6,15,0.3,紀伊水道
2022,6,5,04,47,11.6,36,21.1,141,52.3,22,1.0,茨城県沖
2022,6,5,04,48,51.0,37,49.6,141,36.2,49,1.5,福島県沖
2022,6,5,04,49,46.8,32,45.4,129,56.1,9,0.7,長崎県南西部
2022,6,5,04,51,32.3,37,9.2,141,42.4,41,1.4,福島県沖
2022,6,5,04,52,50.0,37,52.3,141,37.0,47,1.0,福島県沖
2022,6,5,04,53,44.6,37,50.9,141,34.7,49,1.4,福島県沖
2022,6,5,04,54,53.1,29,42.3,130,12.8,57,2.9,奄美大島北東沖
2022,6,5,05,01,53.3,37,47.1,141,37.5,51,0.9,福島県沖
2022,6,5,05,06,53.4,36,22.7,141,2.0,42,0.9,茨城県沖
2022,6,5,05,07,21.6,33,48.8,135,27.0,18,0.4,和歌山県南部
2022,6,5,05,10,5.5,36,1.1,140,9.0,61,2.0,茨城県南部
2022,6,5,05,13,14.4,31,59.8,131,33.0,40,1.2,日向灘
2022,6,5,05,15,50.5,39,32.0,141,42.3,29,0.2,岩手県沿岸北部
2022,6,5,05,20,23.0,37,58.5,141,40.0,49,1.3,宮城県沖
2022,6,5,05,22,5.4,36,5.2,136,13.2,10,0.1,福井県嶺北
2022,6,5,05,22,24.0,32,39.5,132,0.6,34,1.3,日向灘
2022,6,5,05,22,32.9,35,37.9,137,3.0,6,1.7,岐阜県美濃中西部
2022,6,5,05,25,51.5,37,50.3,141,33.6,47,0.6,福島県沖
2022,6,5,05,26,25.0,39,5.2,142,28.5,28,1.2,岩手県沖
2022,6,5,05,26,42.3,34,11.3,131,44.2,10,0.3,山口県中部
2022,6,5,05,29,6.3,38,21.6,144,40.8,22,1.3,三陸沖
2022,6,5,05,29,54.5,42,38.0,144,18.3,67,1.6,釧路沖
2022,6,5,05,33,26.5,33,43.8,135,43.2,37,0.9,和歌山県南部
2022,6,5,05,37,24.4,37,42.5,141,36.3,57,1.0,福島県沖
2022,6,5,05,38,11.5,37,56.3,141,43.0,57,1.5,宮城県沖
2022,6,5,05,39,52.5,36,7.7,139,59.8,68,1.6,茨城県南部
2022,6,5,05,44,48.1,31,48.0,131,57.3,28,1.1,日向灘
2022,6,5,05,44,50.9,36,48.6,141,21.7,9,1.4,茨城県沖
2022,6,5,05,44,51.5,32,6.6,129,27.1,1,1.3,天草灘
2022,6,5,05,47,47.3,33,37.5,141,3.3,55,2.3,八丈島東方沖
2022,6,5,05,48,41.3,28,29.3,129,44.0,17,0.9,奄美大島近海
2022,6,5,05,52,41.6,35,50.6,141,1.7,25,0.7,千葉県東方沖
2022,6,5,05,53,28.9,35,38.8,135,0.2,10,0.3,京都府北部
2022,6,5,05,55,22.8,35,57.8,141,53.3,11,1.2,茨城県沖
2022,6,5,05,57,42.0,32,31.4,129,45.8,5,0.5,天草灘
2022,6,5,05,59,42.6,34,5.1,133,33.1,18,0.6,瀬戸内海中部
2022,6,5,06,01,22.8,32,31.3,129,45.3,7,0.0,天草灘
2022,6,5,06,01,45.5,28,34.3,128,10.3,126,1.4,奄美大島北西沖
2022,6,5,06,03,40.3,36,20.2,137,54.8,11,0.2,長野県中部
2022,6,5,06,04,5.3,37,48.9,141,35.9,51,0.9,福島県沖
2022,6,5,06,05,51.9,35,51.4,137,44.6,10,-0.3,長野県南部
2022,6,5,06,06,50.6,28,20.0,129,26.8,11,1.2,奄美大島近海
2022,6,5,06,07,59.3,37,4.3,142,18.1,14,1.8,福島県沖
2022,6,5,06,10,24.7,43,11.0,143,44.2,140,1.9,十勝地方中部
2022,6,5,06,11,57.7,31,46.0,129,22.2,3,1.5,薩摩半島西方沖
2022,6,5,06,11,59.2,35,29.5,141,5.3,17,1.2,千葉県東方沖
2022,6,5,06,12,53.9,37,29.6,137,12.0,10,0.5,石川県能登地方
2022,6,5,06,18,31.0,42,8.6,142,46.9,54,0.5,浦河沖
2022,6,5,06,18,42.4,37,32.3,140,39.2,85,0.7,福島県中通り
2022,6,5,06,23,23.6,33,54.2,135,22.6,49,0.2,和歌山県北部
2022,6,5,06,26,16.9,34,10.6,131,45.3,13,0.5,山口県中部
2022,6,5,06,31,35.6,37,45.6,141,38.6,54,1.8,福島県沖
2022,6,5,06,32,36.9,35,34.6,140,56.2,18,1.0,千葉県東方沖
2022,6,5,06,33,6.8,32,22.6,130,29.6,8,-0.1,熊本県天草・芦北地方
2022,6,5,06,35,3.8,37,4.8,139,22.0,10,0.1,福島県会津
2022,6,5,06,36,30.0,23,18.1,121,30.0,14,3.6,台湾付近
2022,6,5,06,37,33.7,35,52.4,138,7.0,12,-0.2,長野県南部
2022,6,5,06,40,38.1,37,31.8,137,14.1,12,2.2,能登半島沖
2022,6,5,06,40,54.5,34,8.5,140,10.2,21,2.0,房総半島南方沖
2022,6,5,06,42,13.9,36,49.1,141,23.4,4,1.3,茨城県沖
2022,6,5,06,44,58.3,36,21.7,140,58.9,41,1.2,茨城県沖
2022,6,5,06,46,19.3,34,42.6,135,10.7,11,1.3,兵庫県南東部
2022,6,5,06,48,8.8,34,56.7,135,22.4,8,0.1,兵庫県南東部
2022,6,5,06,48,36.5,39,12.4,143,34.3,9,1.3,三陸沖
2022,6,5,06,49,23.2,36,56.8,139,41.2,7,0.0,栃木県北部
2022,6,5,06,50,1.2,36,50.4,140,35.9,9,0.5,茨城県北部
2022,6,5,06,50,3.3,33,57.9,135,16.2,7,0.2,和歌山県北部
2022,6,5,06,50,38.7,36,54.1,143,55.7,17,1.4,関東東方沖
2022,6,5,06,51,35.7,35,28.4,139,4.0,17,0.1,神奈川県西部
2022,6,5,06,52,5.7,36,52.8,143,58.6,15,1.6,関東東方沖
2022,6,5,06,52,28.1,37,1.1,141,24.4,10,1.3,福島県沖
2022,6,5,06,54,29.8,34,42.7,135,10.6,12,1.0,兵庫県南東部
2022,6,5,06,55,7.3,37,7.7,140,32.9,8,0.6,福島県中通り
2022,6,5,06,55,47.2,28,3.0,129,14.8,15,0.8,奄美大島近海
2022,6,5,06,56,1.9,41,54.8,139,53.4,18,0.5,北海道南西沖
2022,6,5,06,56,30.0,32,39.0,130,39.5,11,0.0,熊本県熊本地方
2022,6,5,06,57,8.8,34,42.1,135,10.4,12,0.5,兵庫県南東部
2022,6,5,07,00,16.2,37,18.2,141,30.5,10,1.6,福島県沖
2022,6,5,07,02,56.3,37,26.4,137,10.9,13,1.2,石川県能登地方
2022,6,5,07,03,28.3,36,2.1,140,5.9,61,0.4,茨城県南部
2022,6,5,07,03,45.4,31,56.3,130,7.4,9,0.4,薩摩半島西方沖
2022,6,5,07,04,39.4,24,11.7,123,42.3,14,0.8,西表島付近
2022,6,5,07,06,48.9,37,51.7,141,42.4,56,0.9,福島県沖
2022,6,5,07,07,28.3,28,13.1,129,37.0,24,1.2,奄美大島近海
2022,6,5,07,07,52.1,32,39.3,130,41.8,13,0.8,熊本県熊本地方
2022,6,5,07,08,0.4,35,52.0,140,28.3,37,0.6,千葉県北東部
2022,6,5,07,08,50.9,32,30.0,131,40.3,19,0.3,宮崎県北部平野部
2022,6,5,07,10,38.1,37,51.3,141,46.0,53,0.6,宮城県沖
2022,6,5,07,11,29.1,35,56.5,138,5.8,3,0.0,長野県南部
2022,6,5,07,12,3.7,33,50.4,134,58.7,10,0.9,紀伊水道
2022,6,5,07,12,46.6,39,39.6,141,4.1,97,0.5,岩手県内陸北部
2022,6,5,07,13,46.2,39,37.7,142,6.7,45,0.8,岩手県沖
2022,6,5,07,16,18.4,37,48.9,141,39.4,53,0.9,福島県沖
2022,6,5,07,16,54.8,37,50.2,141,36.5,49,0.9,福島県沖
2022,6,5,07,20,22.4,28,13.3,129,36.7,22,0.8,奄美大島近海
2022,6,5,07,22,58.2,35,14.8,135,26.8,10,0.2,京都府南部
2022,6,5,07,23,17.1,39,29.3,143,23.2,10,1.3,三陸沖
2022,6,5,07,25,30.3,37,1.1,141,5.5,25,0.8,福島県沖
2022,6,5,07,26,28.8,42,1.7,146,10.2,31,1.9,釧路沖
2022,6,5,07,27,29.9,32,46.3,130,48.4,8,0.2,熊本県熊本地方
2022,6,5,07,27,43.4,37,20.1,142,7.7,24,0.8,福島県沖
2022,6,5,07,30,29.1,38,20.9,141,51.6,60,0.9,宮城県沖
2022,6,5,07,39,59.5,33,16.5,133,58.8,29,0.5,土佐湾
2022,6,5,07,44,13.6,33,51.6,134,59.1,13,0.7,紀伊水道
2022,6,5,07,46,5.7,24,45.6,122,9.0,0,-,台湾付近
2022,6,5,07,46,21.1,37,46.7,141,36.8,53,1.2,福島県沖
2022,6,5,07,48,22.3,37,43.2,140,1.5,5,0.2,福島県会津
2022,6,5,07,53,30.9,37,24.2,141,54.5,38,1.1,福島県沖
2022,6,5,07,57,54.4,37,43.5,141,35.5,56,2.6,福島県沖
2022,6,5,08,00,43.3,39,10.8,143,27.9,13,2.1,三陸沖
2022,6,5,08,00,59.8,40,48.4,141,33.7,77,0.6,青森県東方沖
2022,6,5,08,02,31.6,37,43.3,141,34.3,54,1.6,福島県沖
2022,6,5,08,05,46.8,35,35.9,134,33.5,13,0.6,兵庫県北部
2022,6,5,08,06,11.3,31,26.3,130,38.4,12,0.3,鹿児島湾
2022,6,5,08,09,36.2,36,40.1,140,36.2,7,0.1,茨城県北部
2022,6,5,08,11,10.4,34,24.4,141,55.4,31,0.7,関東東方沖
2022,6,5,08,11,52.3,28,8.2,129,33.2,27,0.3,奄美大島近海
2022,6,5,08,13,37.6,40,30.6,142,18.3,43,1.2,青森県東方沖
2022,6,5,08,17,37.1,32,48.1,130,50.5,5,0.3,熊本県熊本地方
2022,6,5,08,18,20.6,37,46.5,141,30.4,46,0.7,福島県沖
2022,6,5,08,20,42.6,38,25.8,142,9.8,32,2.6,宮城県沖
2022,6,5,08,22,31.9,36,6.3,137,41.3,7,0.2,長野県中部
2022,6,5,08,27,34.8,37,49.3,141,36.0,49,1.4,福島県沖
2022,6,5,08,29,11.0,37,51.9,141,37.9,49,1.5,福島県沖
2022,6,5,08,33,4.7,41,29.0,142,50.6,19,1.0,青森県東方沖
2022,6,5,08,33,12.5,35,50.3,138,9.2,9,0.8,長野県南部
2022,6,5,08,35,45.4,35,54.5,140,16.7,40,0.5,茨城県南部
2022,6,5,08,35,54.8,36,58.4,141,58.1,30,3.1,福島県沖
2022,6,5,08,39,18.2,36,58.9,141,57.6,26,1.3,福島県沖
2022,6,5,08,39,29.1,32,1.3,129,16.7,11,1.3,薩摩半島西方沖
2022,6,5,08,40,15.1,36,58.2,141,57.8,24,2.0,福島県沖
2022,6,5,08,43,11.1,37,50.4,141,35.4,46,0.8,福島県沖
2022,6,5,08,46,45.0,36,58.1,141,57.9,22,1.8,福島県沖
2022,6,5,08,47,24.5,36,8.8,136,6.8,12,2.0,福井県嶺北
2022,6,5,08,49,15.9,36,59.8,141,58.9,41,0.7,福島県沖
2022,6,5,08,53,18.3,40,4.1,141,46.5,10,-0.1,岩手県沿岸北部
2022,6,5,08,55,46.2,37,30.6,137,12.9,12,1.3,石川県能登地方
2022,6,5,08,58,50.6,36,20.7,141,53.2,4,1.2,茨城県沖
2022,6,5,09,01,56.1,39,53.6,140,45.5,3,0.1,秋田県内陸南部
2022,6,5,09,03,31.5,38,24.6,142,26.2,32,1.9,宮城県沖
2022,6,5,09,03,50.5,37,30.4,137,14.5,14,1.1,石川県能登地方
2022,6,5,09,04,17.1,37,49.8,141,36.8,49,1.5,福島県沖
2022,6,5,09,05,53.9,33,45.1,135,7.6,39,0.2,紀伊水道
2022,6,5,09,11,51.6,35,55.1,138,7.7,7,-0.4,長野県南部
2022,6,5,09,12,15.8,33,46.4,130,6.2,9,0.5,福岡県北西沖
2022,6,5,09,12,17.3,37,47.4,141,36.1,52,1.4,福島県沖
2022,6,5,09,15,20.7,36,44.8,141,21.9,14,1.6,茨城県沖
2022,6,5,09,16,38.0,37,45.7,140,3.5,7,0.4,福島県会津
2022,6,5,09,16,40.1,35,37.8,140,7.6,67,0.9,千葉県北西部
2022,6,5,09,18,13.5,37,51.9,141,32.7,44,0.8,福島県沖
2022,6,5,09,21,3.6,35,2.7,135,34.1,11,0.5,京都府南部
2022,6,5,09,22,8.5,34,42.6,135,10.3,11,0.6,兵庫県南東部
2022,6,5,09,24,9.1,37,17.0,141,54.0,32,1.3,福島県沖
2022,6,5,09,25,9.3,35,9.3,140,17.8,32,0.6,千葉県南部
2022,6,5,09,26,34.0,38,46.9,142,13.0,42,1.0,宮城県沖
2022,6,5,09,27,56.7,41,49.3,142,28.8,58,0.7,浦河沖
2022,6,5,09,34,16.5,42,8.9,143,13.0,55,0.7,日高地方東部
2022,6,5,09,36,6.9,26,46.8,126,26.2,30,1.3,沖縄本島北西沖
2022,6,5,09,36,29.8,37,54.7,144,29.1,61,0.7,三陸沖
2022,6,5,09,37,16.4,30,47.8,132,28.7,47,2.0,九州地方南東沖
2022,6,5,09,38,18.0,40,2.8,140,25.8,5,0.4,秋田県内陸北部
2022,6,5,09,41,3.2,32,54.6,130,40.2,11,0.1,熊本県熊本地方
2022,6,5,09,48,41.2,33,41.6,135,19.1,10,0.2,紀伊水道
2022,6,5,09,49,22.8,37,37.2,141,35.1,55,1.3,福島県沖
2022,6,5,09,49,47.1,34,29.9,137,40.1,322,2.7,遠州灘
2022,6,5,09,51,3.8,34,58.3,137,19.9,38,0.2,愛知県西部
2022,6,5,09,51,41.0,35,42.0,140,51.4,9,0.6,千葉県北東部
2022,6,5,09,51,44.1,38,47.0,141,45.4,52,0.6,宮城県沖
2022,6,5,09,55,27.5,32,37.7,130,37.6,14,0.7,熊本県天草・芦北地方
2022,6,5,09,55,57.1,35,1.1,137,48.5,19,0.4,静岡県西部
2022,6,5,09,56,12.8,38,47.5,141,44.3,59,0.5,宮城県沖
2022,6,5,09,57,32.7,29,26.7,130,27.5,38,1.8,奄美大島北東沖
2022,6,5,09,58,2.0,33,33.2,132,19.2,46,0.3,伊予灘
2022,6,5,09,58,46.5,28,9.5,129,11.6,15,0.6,奄美大島近海
2022,6,5,09,59,21.2,43,1.8,144,46.3,87,1.4,釧路沖
2022,6,5,10,00,4.8,28,9.5,129,12.0,16,1.5,奄美大島近海
2022,6,5,10,03,53.3,35,49.0,137,12.3,11,0.0,岐阜県飛騨地方
2022,6,5,10,05,6.9,32,13.2,130,25.6,9,0.1,熊本県天草・芦北地方
2022,6,5,10,05,48.3,41,33.3,142,17.8,48,1.6,青森県東方沖
2022,6,5,10,07,17.2,37,51.6,141,36.9,49,1.2,福島県沖
2022,6,5,10,07,51.4,33,29.0,135,47.5,27,0.3,和歌山県南部
2022,6,5,10,07,58.8,37,51.3,141,36.5,47,1.2,福島県沖
2022,6,5,10,16,8.3,32,49.6,132,27.5,33,0.5,豊後水道
2022,6,5,10,18,10.4,24,50.3,121,51.3,69,2.3,台湾付近
2022,6,5,10,18,34.8,37,30.2,137,13.7,11,0.5,石川県能登地方
2022,6,5,10,19,24.4,35,12.5,136,24.3,17,0.5,滋賀県北部
2022,6,5,10,21,45.6,37,49.2,141,35.9,49,1.1,福島県沖
2022,6,5,10,23,4.7,37,59.9,141,40.6,48,0.6,宮城県沖
2022,6,5,10,24,4.2,37,30.8,137,14.9,13,1.5,石川県能登地方
2022,6,5,10,24,30.1,36,36.5,139,23.2,11,-0.1,群馬県南部
2022,6,5,10,24,37.6,31,44.1,131,34.1,36,0.5,日向灘
2022,6,5,10,24,44.7,37,30.8,137,15.2,14,2.1,石川県能登地方
2022,6,5,10,25,23.3,37,44.8,139,59.6,9,0.4,福島県会津
2022,6,5,10,26,8.2,37,30.4,137,14.9,13,0.7,石川県能登地方
2022,6,5,10,26,14.0,37,31.3,137,14.9,15,1.1,能登半島沖
2022,6,5,10,27,17.8,34,25.3,132,25.3,27,0.7,広島県南西部
2022,6,5,10,30,37.8,40,1.8,140,32.6,9,0.9,秋田県内陸北部
2022,6,5,10,34,17.3,35,38.3,140,42.7,39,0.8,千葉県東方沖
2022,6,5,10,35,47.6,34,21.3,139,57.1,22,0.9,房総半島南方沖
2022,6,5,10,38,26.0,37,43.1,141,33.6,54,0.8,福島県沖
2022,6,5,10,41,34.0,38,6.3,141,57.7,41,0.9,宮城県沖
2022,6,5,10,43,1.2,32,46.2,131,19.1,11,0.3,宮崎県北部山沿い
2022,6,5,10,44,7.0,28,2.8,129,35.0,22,0.8,奄美大島近海
2022,6,5,10,46,8.3,37,49.5,141,37.8,55,1.7,福島県沖
2022,6,5,10,47,8.6,35,44.8,138,15.2,9,0.3,山梨県中・西部
2022,6,5,10,48,55.7,34,29.3,141,33.9,4,2.3,関東東方沖
2022,6,5,10,51,33.9,37,31.8,137,16.5,13,1.2,石川県能登地方
2022,6,5,10,52,33.4,37,22.6,141,52.8,40,2.5,福島県沖
2022,6,5,10,58,50.6,37,28.1,137,13.7,7,0.5,石川県能登地方
2022,6,5,11,06,38.5,35,4.3,135,26.6,11,0.0,京都府南部
2022,6,5,11,07,30.3,34,16.3,135,50.7,53,0.2,奈良県
2022,6,5,11,10,23.1,36,45.4,141,24.5,4,1.2,茨城県沖
2022,6,5,11,12,5.4,26,40.4,127,57.6,19,0.7,沖縄本島近海
2022,6,5,11,13,33.0,37,31.1,137,14.7,14,1.0,能登半島沖
2022,6,5,11,13,56.8,34,7.2,135,7.4,6,0.2,紀伊水道
2022,6,5,11,15,1.5,39,12.1,143,34.1,9,1.2,三陸沖
2022,6,5,11,16,28.5,37,27.6,137,15.3,13,0.9,石川県能登地方
2022,6,5,11,18,7.0,39,57.9,139,29.2,13,1.6,秋田県沖
2022,6,5,11,18,37.5,37,31.0,137,11.4,11,0.7,能登半島沖
2022,6,5,11,28,14.6,37,52.3,141,40.9,55,0.9,宮城県沖
2022,6,5,11,30,18.6,42,40.5,140,26.7,9,1.4,後志地方西部
2022,6,5,11,32,16.7,32,46.1,131,19.2,12,0.1,宮崎県北部山沿い
2022,6,5,11,33,41.5,37,20.8,141,58.4,28,0.5,福島県沖
2022,6,5,11,34,32.2,37,50.0,141,36.6,49,1.1,福島県沖
2022,6,5,11,34,48.8,33,38.3,132,7.5,59,1.2,伊予灘
2022,6,5,11,36,43.7,39,33.6,144,24.6,27,0.9,三陸沖
2022,6,5,11,36,50.5,36,13.8,140,49.7,44,0.9,茨城県沖
2022,6,5,11,38,58.3,36,45.3,138,24.7,7,0.7,長野県北部
2022,6,5,11,39,41.6,37,31.6,137,18.3,13,1.2,石川県能登地方
2022,6,5,11,41,19.4,37,51.7,141,37.6,48,1.2,福島県沖
2022,6,5,11,42,1.8,33,53.6,134,41.9,15,0.2,紀伊水道
2022,6,5,11,42,25.2,37,42.1,141,37.6,51,1.1,福島県沖
2022,6,5,11,42,29.1,28,6.4,129,12.5,31,0.6,奄美大島近海
2022,6,5,11,43,17.6,33,22.0,132,39.0,35,0.0,愛媛県南予
2022,6,5,11,43,36.4,37,4.7,140,39.8,9,0.6,福島県浜通り
2022,6,5,11,49,53.0,42,40.2,140,26.4,10,1.5,後志地方西部
2022,6,5,11,51,18.6,34,42.7,135,10.6,11,0.8,兵庫県南東部
2022,6,5,11,53,23.6,37,30.5,137,14.8,11,0.9,石川県能登地方
2022,6,5,11,57,12.2,35,39.4,140,49.4,26,0.8,千葉県東方沖
2022,6,5,11,57,38.3,37,27.4,137,15.4,14,0.7,石川県能登地方
2022,6,5,11,58,54.7,38,0.9,142,40.5,18,1.0,宮城県沖
2022,6,5,11,59,27.2,37,23.0,141,52.4,36,1.0,福島県沖
2022,6,5,12,00,8.7,32,43.1,132,2.9,39,1.0,日向灘
2022,6,5,12,06,8.8,42,39.5,140,25.9,13,0.4,後志地方西部
2022,6,5,12,06,24.8,37,49.3,141,36.7,50,1.0,福島県沖
2022,6,5,12,07,21.7,37,29.9,137,12.6,11,1.6,石川県能登地方
2022,6,5,12,10,44.2,31,58.6,130,30.1,6,-0.1,鹿児島県薩摩地方
2022,6,5,12,15,48.8,36,49.2,140,36.1,9,0.4,茨城県北部
2022,6,5,12,17,32.9,36,22.1,140,56.0,42,0.8,茨城県沖
2022,6,5,12,19,48.1,37,29.5,137,12.8,13,2.1,石川県能登地方
2022,6,5,12,21,6.7,40,39.9,140,48.9,5,1.2,青森県津軽北部
2022,6,5,12,22,25.4,32,44.4,132,12.6,13,0.5,日向灘
2022,6,5,12,22,43.9,35,35.2,137,8.9,8,-0.4,岐阜県美濃東部
2022,6,5,12,23,4.5,37,52.2,141,37.6,50,1.5,福島県沖
2022,6,5,12,24,32.7,37,52.8,141,38.3,49,1.5,福島県沖
2022,6,5,12,26,0.9,37,7.9,141,6.1,42,1.1,福島県沖
2022,6,5,12,26,22.5,34,6.2,133,48.1,13,0.3,香川県西部
2022,6,5,12,26,31.4,37,31.0,137,13.3,12,1.0,能登半島沖
2022,6,5,12,28,25.1,37,31.1,137,13.5,12,0.6,能登半島沖
2022,6,5,12,29,38.7,33,37.9,140,28.8,49,2.1,八丈島東方沖
2022,6,5,12,34,28.5,39,8.9,142,28.2,31,1.4,岩手県沖
2022,6,5,12,35,58.5,36,6.2,139,57.8,62,1.2,茨城県南部
2022,6,5,12,36,19.7,37,52.4,142,35.1,17,0.7,宮城県沖
2022,6,5,12,37,34.7,39,4.0,140,54.4,8,0.3,岩手県内陸南部
2022,6,5,12,39,7.3,42,40.0,140,26.5,10,0.8,後志地方西部
2022,6,5,12,41,32.4,42,41.4,140,26.9,13,1.0,後志地方西部
2022,6,5,12,42,34.6,39,35.3,140,38.1,4,0.1,秋田県内陸南部
2022,6,5,12,45,4.0,32,43.8,132,3.6,37,0.7,日向灘
2022,6,5,12,45,54.2,38,18.1,142,16.2,23,1.1,宮城県沖
2022,6,5,12,50,50.8,35,27.2,136,43.9,11,0.2,岐阜県美濃中西部
2022,6,5,12,54,33.4,37,57.5,142,36.3,17,1.4,宮城県沖
2022,6,5,12,55,54.4,39,2.7,140,27.7,7,1.4,秋田県内陸南部
2022,6,5,12,58,24.0,32,39.1,140,52.2,14,2.7,八丈島東方沖
2022,6,5,12,59,7.6,24,22.2,122,58.6,48,1.8,与那国島近海
2022,6,5,13,00,59.7,40,48.6,145,9.1,23,1.8,三陸沖
2022,6,5,13,02,8.4,34,49.1,132,11.1,11,0.1,島根県西部
2022,6,5,13,02,26.7,39,10.6,140,56.6,96,0.7,岩手県内陸南部
2022,6,5,13,07,54.4,36,2.4,137,34.4,4,0.1,岐阜県飛騨地方
2022,6,5,13,09,38.8,34,1.2,135,3.6,7,0.4,紀伊水道
2022,6,5,13,09,54.1,36,46.7,140,34.1,7,-0.2,茨城県北部
2022,6,5,13,10,55.1,33,42.9,135,28.7,11,-0.1,和歌山県南部
2022,6,5,13,13,7.8,36,46.9,141,46.2,23,1.4,福島県沖
2022,6,5,13,14,25.8,37,46.1,140,3.5,8,0.1,福島県会津
2022,6,5,13,16,24.2,37,33.5,144,47.7,35,1.8,福島県沖
2022,6,5,13,16,26.1,37,27.2,137,15.4,12,0.9,石川県能登地方
2022,6,5,13,17,16.7,37,27.9,137,16.2,16,1.1,石川県能登地方
2022,6,5,13,20,12.5,42,34.9,143,27.8,57,2.1,十勝地方南部
2022,6,5,13,21,31.6,34,55.9,135,22.7,11,0.3,兵庫県南東部
2022,6,5,13,22,27.3,36,1.1,140,4.1,63,1.1,茨城県南部
2022,6,5,13,24,55.1,36,38.2,141,41.0,25,1.5,茨城県沖
2022,6,5,13,28,33.9,37,30.8,137,13.7,13,1.7,石川県能登地方
2022,6,5,13,28,44.9,38,32.3,141,43.8,50,1.2,宮城県沖
2022,6,5,13,32,30.6,35,3.6,133,2.7,7,0.3,広島県北部
2022,6,5,13,33,22.8,37,22.8,141,45.0,40,1.3,福島県沖
2022,6,5,13,35,33.7,23,6.4,121,26.3,23,4.0,台湾付近
2022,6,5,13,37,21.5,35,7.5,132,43.1,10,0.2,島根県東部
2022,6,5,13,38,25.8,35,26.3,136,21.2,7,0.1,滋賀県北部
2022,6,5,13,41,49.6,37,31.8,137,17.8,11,1.1,石川県能登地方
2022,6,5,13,41,56.5,32,37.2,131,16.7,10,-0.1,宮崎県北部山沿い
2022,6,5,13,42,49.1,35,37.5,140,6.9,70,1.5,千葉県北西部
2022,6,5,13,46,3.7,36,39.8,139,21.2,9,-0.1,栃木県北部
2022,6,5,13,46,58.0,36,39.9,139,21.3,9,0.1,栃木県北部
2022,6,5,13,48,35.0,37,48.1,139,59.8,9,0.8,山形県置賜地方
2022,6,5,13,56,13.2,35,27.5,138,16.0,9,0.1,山梨県中・西部
2022,6,5,14,03,2.9,37,43.5,141,42.7,52,0.9,福島県沖
2022,6,5,14,03,36.2,37,50.6,141,39.6,54,0.6,福島県沖
2022,6,5,14,06,10.1,36,16.6,141,38.4,13,1.5,茨城県沖
2022,6,5,14,06,58.1,37,45.0,141,35.8,56,1.0,福島県沖
2022,6,5,14,07,49.9,30,46.2,130,36.9,64,1.2,種子島近海
2022,6,5,14,07,54.7,39,10.1,141,19.3,77,0.3,岩手県内陸南部
2022,6,5,14,08,1.7,37,44.6,139,59.3,9,0.3,福島県会津
2022,6,5,14,09,26.1,34,2.8,133,43.3,18,0.4,香川県西部
2022,6,5,14,11,14.4,31,34.1,130,20.2,8,0.3,薩摩半島西方沖
2022,6,5,14,16,14.2,42,40.1,140,26.7,10,0.9,後志地方西部
2022,6,5,14,19,28.5,35,55.4,140,49.3,15,1.5,茨城県沖
2022,6,5,14,21,41.7,36,54.6,140,41.0,25,0.2,福島県浜通り
2022,6,5,14,22,33.6,41,6.5,145,23.6,24,1.6,十勝沖
2022,6,5,14,23,54.2,38,2.8,141,50.8,53,1.7,宮城県沖
2022,6,5,14,25,4.2,32,39.9,131,16.3,10,-0.1,宮崎県北部山沿い
2022,6,5,14,26,2.6,27,19.6,128,52.3,31,2.0,沖縄本島近海
2022,6,5,14,28,50.0,37,30.7,137,13.3,12,0.3,石川県能登地方
2022,6,5,14,28,57.3,37,30.6,137,13.8,12,1.5,石川県能登地方
2022,6,5,14,29,23.8,36,22.0,141,2.1,30,0.9,茨城県沖
2022,6,5,14,29,39.0,37,30.4,137,12.0,12,1.3,石川県能登地方
2022,6,5,14,30,40.2,33,55.9,140,34.4,46,2.3,房総半島南方沖
2022,6,5,14,30,57.6,33,21.6,135,22.4,25,0.2,和歌山県南方沖
2022,6,5,14,32,0.7,37,50.1,141,36.1,49,1.4,福島県沖
2022,6,5,14,32,16.2,37,4.2,139,22.4,8,-0.1,福島県会津
2022,6,5,14,33,45.8,37,52.7,141,39.7,50,1.4,福島県沖
2022,6,5,14,37,31.7,39,25.6,142,21.2,35,0.8,岩手県沖
2022,6,5,14,38,12.1,38,58.6,142,26.3,28,1.2,宮城県沖
2022,6,5,14,39,10.0,36,37.8,139,25.4,7,0.5,栃木県北部
2022,6,5,14,40,8.1,37,50.6,141,34.2,46,0.9,福島県沖
2022,6,5,14,44,30.9,36,7.1,140,0.0,68,0.7,茨城県南部
2022,6,5,14,45,27.5,37,23.9,141,57.5,34,1.1,福島県沖
2022,6,5,14,47,36.1,30,39.1,131,30.9,30,2.7,大隅半島東方沖
2022,6,5,14,47,41.5,33,50.1,134,36.7,9,1.1,徳島県南部
2022,6,5,14,48,28.0,37,31.2,137,11.5,12,0.8,能登半島沖
2022,6,5,14,48,37.3,37,47.0,141,36.3,55,1.0,福島県沖
2022,6,5,14,51,32.9,34,47.0,140,3.8,52,1.4,千葉県南東沖
2022,6,5,14,52,16.3,40,4.7,142,6.5,47,1.5,岩手県沖
2022,6,5,14,53,18.5,37,2.8,139,22.8,8,0.6,福島県会津
2022,6,5,14,55,43.1,37,10.1,141,16.9,56,2.2,福島県沖
2022,6,5,14,56,12.9,32,26.5,130,31.1,14,1.1,熊本県天草・芦北地方
2022,6,5,15,00,17.4,37,31.1,137,12.5,10,0.6,能登半島沖
2022,6,5,15,00,31.0,37,30.6,137,16.4,12,0.9,石川県能登地方
2022,6,5,15,01,26.8,38,20.0,140,44.3,9,1.0,宮城県中部
2022,6,5,15,03,11.2,35,38.2,138,12.7,3,0.0,長野県南部
2022,6,5,15,04,3.9,37,23.3,141,57.2,31,0.9,福島県沖
2022,6,5,15,04,27.7,36,34.3,140,58.3,43,1.1,茨城県沖
2022,6,5,15,07,39.1,37,46.7,141,35.1,53,1.4,福島県沖
2022,6,5,15,08,36.6,37,48.5,141,43.1,49,2.0,福島県沖
2022,6,5,15,08,51.1,24,44.2,122,24.9,28,1.8,与那国島近海
2022,6,5,15,09,16.9,39,55.4,142,10.4,47,0.6,岩手県沖
2022,6,5,15,10,43.5,37,49.7,141,36.2,48,0.8,福島県沖
2022,6,5,15,11,56.5,37,58.2,141,39.5,48,1.2,宮城県沖
2022,6,5,15,15,1.1,39,17.3,140,14.9,137,1.1,秋田県沿岸南部
2022,6,5,15,18,13.5,37,24.0,141,54.6,35,0.9,福島県沖
2022,6,5,15,18,32.7,37,1.1,141,24.2,9,1.3,福島県沖
2022,6,5,15,20,19.5,37,46.6,144,28.8,18,1.8,福島県沖
2022,6,5,15,24,7.7,37,31.2,137,11.3,13,0.9,能登半島沖
2022,6,5,15,24,55.1,40,18.2,142,32.0,38,1.0,岩手県沖
2022,6,5,15,28,44.8,32,42.0,132,2.9,39,3.5,日向灘
2022,6,5,15,30,26.9,31,37.7,130,56.7,7,0.6,鹿児島県大隅地方
2022,6,5,15,35,19.5,24,47.9,125,2.2,19,1.7,宮古島近海
2022,6,5,15,40,12.2,38,49.8,141,34.5,73,1.1,宮城県北部
2022,6,5,15,42,54.9,37,51.3,141,41.6,56,0.9,福島県沖
2022,6,5,15,42,57.7,38,59.3,142,29.8,28,2.3,宮城県沖
2022,6,5,15,45,25.9,37,47.8,141,42.6,54,0.8,福島県沖
2022,6,5,15,46,14.4,36,59.4,140,31.7,6,0.3,福島県中通り
2022,6,5,15,52,24.1,36,21.4,137,36.9,6,0.0,岐阜県飛騨地方
2022,6,5,15,52,25.7,36,20.9,137,36.9,7,0.2,岐阜県飛騨地方
2022,6,5,15,52,49.8,36,21.2,137,37.2,5,0.3,岐阜県飛騨地方
2022,6,5,15,52,57.0,37,23.8,141,56.2,36,1.2,福島県沖
2022,6,5,15,54,4.6,36,21.9,137,36.8,5,0.2,岐阜県飛騨地方
2022,6,5,15,56,41.9,39,6.8,144,27.7,27,2.2,三陸沖
2022,6,5,15,59,59.5,37,27.4,137,15.3,11,1.4,石川県能登地方
2022,6,5,16,00,15.1,36,47.7,140,32.9,10,0.3,茨城県北部
2022,6,5,16,03,46.1,37,50.2,141,33.6,46,1.0,福島県沖
2022,6,5,16,04,49.0,36,15.7,137,38.1,5,1.3,長野県中部
2022,6,5,16,06,32.0,38,29.6,142,7.9,41,0.8,宮城県沖
2022,6,5,16,07,28.9,36,15.8,137,37.7,6,0.4,長野県中部
2022,6,5,16,09,21.6,37,51.2,141,34.6,48,1.8,福島県沖
2022,6,5,16,09,38.3,36,15.7,137,38.4,5,0.6,長野県中部
2022,6,5,16,09,39.1,39,44.6,143,3.6,20,0.9,三陸沖
2022,6,5,16,10,12.7,36,15.5,137,37.8,9,0.2,長野県中部
2022,6,5,16,10,39.4,37,57.7,144,22.7,16,1.0,三陸沖
2022,6,5,16,14,46.7,36,30.9,139,53.3,116,1.1,栃木県南部
2022,6,5,16,15,45.3,36,15.5,137,38.4,5,0.3,長野県中部
2022,6,5,16,20,37.8,37,58.7,141,42.8,54,2.1,宮城県沖
2022,6,5,16,22,7.8,36,47.6,140,32.3,10,1.4,茨城県北部
2022,6,5,16,23,19.1,37,51.5,141,45.3,50,0.9,宮城県沖
2022,6,5,16,23,32.9,36,15.9,137,37.7,6,0.5,長野県中部
2022,6,5,16,23,43.9,38,31.9,141,52.4,43,1.0,宮城県沖
2022,6,5,16,24,27.3,33,46.5,134,55.8,37,0.6,紀伊水道
2022,6,5,16,25,6.9,37,50.6,141,36.5,50,1.0,福島県沖
2022,6,5,16,27,45.8,33,9.6,138,17.2,313,3.0,東海道南方沖
2022,6,5,16,36,4.8,37,37.4,141,34.7,54,1.3,福島県沖
2022,6,5,16,37,1.6,37,31.8,137,17.6,12,1.1,石川県能登地方
2022,6,5,16,37,34.7,38,4.6,142,42.6,11,2.1,宮城県沖
2022,6,5,16,43,59.4,37,58.9,141,42.5,55,0.7,宮城県沖
2022,6,5,16,46,9.3,37,47.5,141,35.5,54,1.4,福島県沖
2022,6,5,16,47,25.3,36,15.1,137,37.7,5,0.5,長野県中部
2022,6,5,16,50,14.5,41,2.7,141,3.6,9,0.7,陸奥湾
2022,6,5,16,50,18.5,36,5.6,137,42.4,6,-0.1,長野県中部
2022,6,5,16,51,32.2,34,45.2,140,22.4,48,1.3,千葉県南東沖
2022,6,5,16,55,15.6,36,48.5,141,21.6,8,1.1,茨城県沖
2022,6,5,17,00,6.2,36,30.5,136,52.7,11,1.4,富山県西部
2022,6,5,17,01,34.0,37,9.2,139,3.1,8,0.2,新潟県中越地方
2022,6,5,17,01,37.0,37,31.4,137,17.2,11,1.4,石川県能登地方
2022,6,5,17,02,47.9,37,49.2,141,36.4,50,1.1,福島県沖
2022,6,5,17,03,32.3,36,52.8,140,30.3,18,0.1,福島県中通り
2022,6,5,17,09,15.2,38,25.4,142,12.2,26,0.9,宮城県沖
2022,6,5,17,15,3.7,36,15.7,137,37.8,7,0.4,長野県中部
2022,6,5,17,19,38.2,40,37.4,140,29.4,12,0.7,青森県津軽南部
2022,6,5,17,24,0.5,37,46.7,141,36.5,51,0.9,福島県沖
2022,6,5,17,26,41.5,36,59.5,140,31.6,5,2.0,福島県中通り
2022,6,5,17,27,23.2,40,19.3,141,11.8,9,-0.1,青森県三八上北地方
2022,6,5,17,30,19.8,37,10.8,141,23.6,45,1.9,福島県沖
2022,6,5,17,30,47.9,39,1.3,140,51.7,8,0.6,岩手県内陸南部
2022,6,5,17,31,59.1,37,42.7,139,10.8,14,1.0,新潟県下越地方
2022,6,5,17,32,52.9,34,15.4,135,25.9,6,1.1,和歌山県北部
2022,6,5,17,32,56.9,39,8.9,142,28.3,29,1.2,岩手県沖
2022,6,5,17,34,50.8,28,32.2,128,48.5,62,1.0,トカラ列島近海
2022,6,5,17,39,30.6,37,31.1,137,14.2,14,0.8,能登半島沖
2022,6,5,17,41,1.9,27,5.9,128,35.6,36,1.0,沖縄本島近海
2022,6,5,17,41,36.9,36,23.9,138,2.0,9,-0.9,長野県中部
2022,6,5,17,48,46.8,26,58.7,127,42.4,14,1.2,沖縄本島近海
2022,6,5,17,53,49.2,34,15.2,135,26.2,7,0.6,和歌山県北部
2022,6,5,17,57,23.4,36,47.3,140,35.1,7,0.1,茨城県北部
2022,6,5,17,58,21.7,33,45.8,130,6.1,9,0.7,福岡県北西沖
2022,6,5,18,00,5.7,39,37.8,142,6.0,48,1.2,岩手県沖
2022,6,5,18,00,6.4,34,54.0,136,51.3,16,0.6,愛知県西部
2022,6,5,18,00,23.9,34,15.1,135,26.0,7,0.4,和歌山県北部
2022,6,5,18,08,0.8,28,28.0,129,11.0,20,-,奄美大島近海
2022,6,5,18,12,36.8,37,30.8,137,14.1,12,1.2,石川県能登地方
2022,6,5,18,15,18.2,35,3.2,135,33.4,12,0.3,京都府南部
2022,6,5,18,17,10.4,35,28.2,138,58.7,22,0.6,山梨県東部・富士五湖
2022,6,5,18,20,1.5,35,36.9,134,37.8,11,1.8,兵庫県北部
2022,6,5,18,21,23.0,37,49.5,141,36.4,48,0.9,福島県沖
2022,6,5,18,23,4.4,34,11.7,135,6.8,9,0.6,紀伊水道
2022,6,5,18,23,32.2,35,35.1,136,40.5,13,0.1,岐阜県美濃中西部
2022,6,5,18,23,52.2,27,25.3,129,39.2,47,2.0,奄美大島近海
2022,6,5,18,31,54.5,38,50.1,141,41.5,81,1.1,宮城県沖
2022,6,5,18,32,22.9,41,20.9,142,56.2,11,1.3,青森県東方沖
2022,6,5,18,34,52.0,35,49.5,138,45.9,13,0.5,山梨県中・西部
2022,6,5,18,37,5.4,33,47.3,135,34.4,37,-0.1,和歌山県南部
2022,6,5,18,39,7.6,35,2.8,135,33.8,12,0.5,京都府南部
2022,6,5,18,39,41.9,37,50.3,141,37.5,48,1.0,福島県沖
2022,6,5,18,47,3.1,37,26.6,137,15.9,15,0.6,石川県能登地方
2022,6,5,18,50,6.6,37,27.2,137,15.7,14,1.1,石川県能登地方
2022,6,5,18,58,57.7,36,52.0,140,23.2,79,2.3,福島県中通り
2022,6,5,18,59,30.6,37,42.9,141,34.5,54,3.9,福島県沖
2022,6,5,19,00,39.3,38,29.5,142,8.5,39,3.0,宮城県沖
2022,6,5,19,01,22.8,24,33.1,122,53.1,77,1.4,与那国島近海
2022,6,5,19,04,32.7,34,52.0,135,33.4,12,0.6,大阪府北部
2022,6,5,19,06,44.3,35,13.2,137,42.2,15,0.2,愛知県東部
2022,6,5,19,07,45.7,37,58.1,141,46.5,54,1.4,宮城県沖
2022,6,5,19,13,16.4,37,30.9,137,12.8,12,0.7,石川県能登地方
2022,6,5,19,13,43.4,37,54.5,139,28.5,3,1.0,新潟県下越地方
2022,6,5,19,14,10.1,34,54.1,136,52.9,16,0.3,愛知県西部
2022,6,5,19,15,50.4,32,47.4,130,37.8,9,0.0,熊本県熊本地方
2022,6,5,19,16,30.9,34,17.0,138,5.7,33,0.9,遠州灘
2022,6,5,19,18,50.8,37,21.1,141,52.8,36,1.5,福島県沖
2022,6,5,19,19,10.7,35,21.6,136,27.2,10,0.0,岐阜県美濃中西部
2022,6,5,19,20,15.3,36,48.1,140,34.7,8,0.2,茨城県北部
2022,6,5,19,22,6.5,24,32.3,125,10.5,35,1.7,宮古島近海
2022,6,5,19,31,34.9,37,50.7,141,36.1,47,0.9,福島県沖
2022,6,5,19,32,8.9,36,30.5,136,52.8,11,1.3,富山県西部
2022,6,5,19,33,25.7,34,27.9,141,32.0,14,3.6,関東東方沖
2022,6,5,19,33,50.4,26,47.0,126,24.0,31,-,沖縄本島北西沖
2022,6,5,19,36,8.6,35,2.3,136,36.0,15,0.6,三重県北部
2022,6,5,19,37,23.0,36,27.8,141,9.5,39,1.5,茨城県沖
2022,6,5,19,38,6.8,35,10.7,132,34.5,8,0.4,島根県西部
2022,6,5,19,38,19.3,35,2.7,136,36.0,15,0.3,三重県北部
2022,6,5,19,38,35.3,36,30.7,136,53.0,13,0.6,富山県西部
2022,6,5,19,38,37.4,34,4.0,141,42.9,20,2.3,関東東方沖
2022,6,5,19,39,32.3,32,36.7,132,0.3,37,0.9,日向灘
2022,6,5,19,42,14.7,33,44.6,132,21.0,47,0.9,伊予灘
2022,6,5,19,42,31.3,37,31.9,137,16.9,12,0.7,石川県能登地方
2022,6,5,19,45,3.6,36,28.7,140,34.6,89,1.0,茨城県北部
2022,6,5,19,46,2.8,37,51.3,141,41.1,56,0.7,福島県沖
2022,6,5,19,47,47.1,27,8.5,130,33.8,49,3.0,奄美大島近海
2022,6,5,19,49,59.9,36,1.0,138,5.5,9,-0.2,長野県中部
2022,6,5,19,52,29.6,36,6.1,137,41.6,7,0.1,長野県中部
2022,6,5,19,52,38.5,37,44.1,139,59.1,9,-0.1,福島県会津
2022,6,5,19,52,56.0,37,48.2,141,38.5,52,1.2,福島県沖
2022,6,5,19,56,14.7,43,8.8,144,38.0,83,2.0,釧路地方中南部
2022,6,5,19,58,38.5,37,9.6,141,12.7,13,0.8,福島県沖
2022,6,5,20,02,53.5,35,53.3,140,45.7,16,1.4,茨城県沖
2022,6,5,20,02,55.7,34,3.0,137,10.2,335,2.7,三重県南東沖
2022,6,5,20,05,39.6,26,49.1,126,24.4,19,1.8,沖縄本島北西沖
2022,6,5,20,06,0.3,26,45.6,126,22.4,21,1.9,沖縄本島北西沖
2022,6,5,20,06,59.7,38,23.7,142,16.9,31,0.9,宮城県沖
2022,6,5,20,07,21.7,38,47.6,138,35.9,21,2.0,山形県沖
2022,6,5,20,07,25.1,37,31.0,137,18.2,12,1.3,石川県能登地方
2022,6,5,20,12,35.8,26,46.9,126,24.8,29,-,沖縄本島北西沖
2022,6,5,20,13,57.3,37,47.9,141,35.8,53,0.9,福島県沖
2022,6,5,20,15,11.9,34,42.6,135,10.7,11,0.4,兵庫県南東部
2022,6,5,20,16,15.7,36,34.6,141,9.2,39,1.0,茨城県沖
2022,6,5,20,19,30.5,37,52.5,141,37.9,49,0.8,福島県沖
2022,6,5,20,21,9.9,26,46.3,126,23.9,30,-,沖縄本島北西沖
2022,6,5,20,21,40.7,36,6.1,137,41.4,8,0.2,長野県中部
2022,6,5,20,21,46.7,35,25.1,133,50.2,10,0.5,鳥取県中部
2022,6,5,20,22,0.0,39,38.5,142,28.1,32,1.1,岩手県沖
2022,6,5,20,22,48.1,38,24.4,142,10.1,34,1.1,宮城県沖
2022,6,5,20,24,34.0,36,6.0,137,41.3,7,0.1,長野県中部
2022,6,5,20,26,15.9,26,48.4,126,23.6,27,2.8,沖縄本島北西沖
2022,6,5,20,28,21.9,37,33.8,141,54.4,41,3.4,福島県沖
2022,6,5,20,28,50.6,26,46.4,126,24.1,31,-,沖縄本島北西沖
2022,6,5,20,33,46.6,33,31.0,130,17.8,12,0.9,福岡県福岡地方
2022,6,5,20,35,24.4,37,31.2,137,14.9,13,-,能登半島沖
2022,6,5,20,37,25.5,37,31.0,137,15.1,13,-,石川県能登地方
2022,6,5,20,40,49.3,37,46.5,141,35.1,53,1.5,福島県沖
2022,6,5,20,43,18.7,37,34.1,141,54.2,41,1.3,福島県沖
2022,6,5,20,47,15.9,26,46.1,126,24.9,32,2.3,沖縄本島北西沖
2022,6,5,20,48,27.3,40,54.6,143,18.9,22,1.4,青森県東方沖
2022,6,5,20,50,16.4,37,47.2,141,37.6,54,1.8,福島県沖
2022,6,5,20,52,39.1,37,30.5,137,13.8,12,1.0,石川県能登地方
2022,6,5,20,54,35.5,38,21.5,142,7.5,36,1.3,宮城県沖
2022,6,5,20,55,51.7,37,50.4,141,34.4,45,0.8,福島県沖
2022,6,5,20,56,7.1,34,31.8,131,47.8,17,0.7,島根県西部
2022,6,5,20,56,48.7,37,49.8,138,26.0,24,0.7,佐渡付近
2022,6,5,20,58,43.6,40,18.0,140,51.2,109,1.8,秋田県内陸北部
2022,6,5,21,01,32.2,37,43.3,141,35.3,55,1.0,福島県沖
2022,6,5,21,03,11.5,37,11.6,142,14.3,19,1.7,福島県沖
2022,6,5,21,04,15.8,37,17.0,142,13.4,23,1.6,福島県沖
2022,6,5,21,06,39.7,30,41.0,131,29.1,23,1.5,大隅半島東方沖
2022,6,5,21,06,42.2,37,22.3,141,53.3,37,1.1,福島県沖
2022,6,5,21,08,11.7,35,35.7,136,38.9,13,-0.2,岐阜県美濃中西部
2022,6,5,21,16,15.6,38,26.3,142,54.8,17,1.0,三陸沖
2022,6,5,21,18,11.4,42,40.0,140,26.4,10,0.4,後志地方西部
2022,6,5,21,20,16.8,28,35.0,129,41.3,17,1.1,奄美大島近海
2022,6,5,21,21,14.6,37,46.7,141,34.5,51,1.3,福島県沖
2022,6,5,21,22,15.2,42,11.6,142,46.7,52,0.5,日高地方東部
2022,6,5,21,27,20.6,35,3.2,135,33.6,11,0.1,京都府南部
2022,6,5,21,32,13.9,37,48.3,141,57.9,34,1.6,福島県沖
2022,6,5,21,33,54.1,32,58.6,130,25.1,9,0.2,有明海
2022,6,5,21,36,39.8,37,31.5,137,17.6,11,0.4,石川県能登地方
2022,6,5,21,39,53.4,35,28.4,134,57.6,10,0.1,兵庫県北部
2022,6,5,21,40,13.5,37,31.0,137,14.7,13,0.7,能登半島沖
2022,6,5,21,40,30.2,37,31.0,137,14.9,14,1.1,能登半島沖
2022,6,5,21,40,34.0,37,31.3,137,15.1,14,1.2,石川県能登地方
2022,6,5,21,41,1.7,37,31.2,137,15.1,15,0.7,石川県能登地方
2022,6,5,21,41,23.6,37,31.9,137,14.4,14,0.9,能登半島沖
2022,6,5,21,41,26.0,41,38.3,141,29.8,121,1.1,苫小牧沖
2022,6,5,21,41,36.5,37,31.3,137,15.0,14,0.8,石川県能登地方
2022,6,5,21,42,10.2,44,40.9,147,19.8,150,-,択捉島付近
2022,6,5,21,46,8.4,35,35.7,136,39.4,13,0.1,岐阜県美濃中西部
2022,6,5,21,46,54.8,35,52.0,140,28.4,35,1.6,千葉県北東部
2022,6,5,21,48,6.1,36,39.9,140,57.3,43,0.7,茨城県沖
2022,6,5,21,48,48.3,37,50.4,141,35.4,46,1.0,福島県沖
2022,6,5,21,49,9.2,37,46.2,141,36.3,55,0.6,福島県沖
2022,6,5,21,50,9.5,37,53.0,141,31.9,47,0.7,福島県沖
2022,6,5,22,00,14.9,41,17.0,141,17.8,6,0.2,青森県下北地方
2022,6,5,22,01,36.7,36,33.8,139,21.5,5,-0.2,群馬県南部
2022,6,5,22,02,47.9,37,34.7,141,56.5,36,0.8,福島県沖
2022,6,5,22,04,5.1,39,53.4,140,45.1,3,0.1,秋田県内陸南部
2022,6,5,22,07,6.0,37,51.3,141,35.3,47,1.2,福島県沖
2022,6,5,22,09,2.7,34,40.2,135,0.0,11,1.4,兵庫県南東部
2022,6,5,22,10,47.2,34,28.6,141,30.8,9,1.3,関東東方沖
2022,6,5,22,13,18.8,34,53.6,135,39.6,11,0.4,大阪府北部
2022,6,5,22,14,32.4,37,50.2,141,35.1,48,0.8,福島県沖
2022,6,5,22,15,7.5,37,50.9,141,37.0,48,1.2,福島県沖
2022,6,5,22,18,43.8,36,52.7,140,44.0,84,0.5,茨城県北部
2022,6,5,22,20,26.5,34,10.1,135,10.5,5,0.7,紀伊水道
2022,6,5,22,20,36.9,34,57.1,134,51.7,16,0.4,兵庫県南東部
2022,6,5,22,22,14.0,36,26.9,140,30.0,87,1.2,茨城県北部
2022,6,5,22,23,25.5,35,53.0,137,33.8,4,0.0,長野県南部
2022,6,5,22,24,55.5,37,54.2,141,41.4,53,0.9,宮城県沖
2022,6,5,22,34,52.3,35,19.2,135,44.9,7,0.9,京都府南部
2022,6,5,22,38,55.8,32,33.3,131,39.9,16,0.6,宮崎県北部平野部
2022,6,5,22,39,2.1,32,15.8,130,31.9,10,0.3,熊本県天草・芦北地方
2022,6,5,22,40,10.4,34,52.0,137,58.7,23,0.6,静岡県西部
2022,6,5,22,40,17.0,33,30.5,132,41.2,39,0.9,愛媛県南予
2022,6,5,22,44,51.4,37,30.2,137,12.9,13,1.2,石川県能登地方
2022,6,5,22,45,49.9,39,8.2,141,50.8,50,0.4,岩手県沿岸南部
2022,6,5,22,46,50.3,35,16.6,140,5.3,72,1.0,千葉県南部
2022,6,5,22,50,45.2,34,50.6,137,56.8,20,0.7,静岡県西部
2022,6,5,22,51,15.2,33,30.9,135,8.6,33,1.2,和歌山県南方沖
2022,6,5,22,58,18.6,28,4.8,128,5.3,9,1.7,奄美大島北西沖
2022,6,5,22,58,21.1,36,12.1,139,58.8,64,1.2,茨城県南部
2022,6,5,22,59,33.8,35,26.0,136,47.8,44,0.2,岐阜県美濃中西部
2022,6,5,23,01,20.8,38,33.7,139,25.0,10,1.1,新潟県下越沖
2022,6,5,23,02,46.0,37,34.4,137,13.9,15,1.3,能登半島沖
2022,6,5,23,03,54.3,45,11.0,141,49.4,5,0.2,宗谷地方北部
2022,6,5,23,04,15.4,37,32.1,137,14.5,15,1.2,能登半島沖
2022,6,5,23,06,20.8,37,46.8,141,34.0,52,1.5,福島県沖
2022,6,5,23,09,29.9,39,1.8,142,24.0,21,0.8,岩手県沖
2022,6,5,23,11,37.6,36,58.8,140,30.2,3,-0.3,福島県中通り
2022,6,5,23,12,33.2,33,30.7,141,2.7,41,1.5,八丈島東方沖
2022,6,5,23,15,23.4,37,46.1,141,36.2,55,1.0,福島県沖
2022,6,5,23,16,19.3,35,38.3,139,57.0,54,1.4,東京湾
2022,6,5,23,21,53.9,28,6.6,128,4.6,12,2.2,奄美大島北西沖
2022,6,5,23,25,11.5,33,54.2,136,15.6,32,0.8,三重県南東沖
2022,6,5,23,26,14.4,37,4.1,141,55.3,30,1.1,福島県沖
2022,6,5,23,32,21.4,37,46.3,141,52.6,16,1.3,福島県沖
2022,6,5,23,32,24.3,33,11.8,141,46.8,43,2.7,八丈島東方沖
2022,6,5,23,32,45.7,35,3.1,135,31.2,11,0.1,京都府南部
2022,6,5,23,35,6.1,37,47.6,141,35.3,54,0.9,福島県沖
2022,6,5,23,38,27.0,37,53.9,141,39.7,50,1.0,宮城県沖
2022,6,5,23,42,7.7,32,12.9,130,25.6,9,-,熊本県天草・芦北地方
2022,6,5,23,46,5.9,37,19.3,141,11.3,56,0.9,福島県沖
2022,6,5,23,47,50.6,37,49.5,141,36.0,48,0.8,福島県沖
2022,6,5,23,48,22.4,39,53.3,140,44.7,2,0.4,秋田県内陸南部
2022,6,5,23,48,55.3,35,4.9,132,25.4,9,0.1,島根県西部
2022,6,5,23,52,42.5,35,5.3,132,25.6,11,0.3,島根県西部
2022,6,5,23,53,25.9,37,29.7,137,11.8,10,0.7,石川県能登地方
2022,6,5,23,56,7.0,35,58.9,140,12.4,38,0.5,茨城県南部
